{"great": [0.008344916263869729, 0.03535603662351457, -0.030506661171502324, 0.029205536135145416, -0.03268361839359603, 0.020568142466263827, 0.0007815051640082449, -0.032300729260750616, -0.016175474279146673, -0.040218833447790606], "cool": [-0.03660863517078657, -0.017716239527109344, -0.03263801355082787, 0.034506645274082634, 0.03161921088349366, -0.010954090113658999, -0.013810021794934813, 0.006524969568023587, 0.0014003106881910865, -0.004897019878236442], "brilliant": [0.016324858774181356, -0.04620623924909091, -0.0451659314969981, -0.013816164001249664, 0.007082049765105348, -0.01033632539310911, 0.018767951042034055, -0.036626360705594996, -0.009391089040247227, 0.031099628184226173], "wonderful": [-0.043700815404728074, 0.008533411636955545, 0.03151188546677856, -0.02762078691656622, 0.020589321307370824, -0.015226211107723698, 0.021412849026927507, -0.02564744435595375, -0.01196802301430997, -0.012996003700885083], "well": [0.040841890190233474, 0.037664987238836975, 0.04569691615778057, 0.002336330499308695, -0.02265292851993028, -0.015188710069673471, 0.03236655696123699, -0.04152387743407261, -0.043387019186911846, -0.049044198064713634], "amazing": [0.014048650752947566, -0.0032710346684520107, -0.013493193952043436, -0.005167179319440185, -0.04355238257939722, -0.005711650466784302, 0.027389058847699245, 0.007380734590169124, -0.04274941751588762, 0.004542487618782354], "worth": [-0.038494253801370136, -0.015637141115381514, -0.02488208838597893, -0.0027146995505619278, -0.025008458644053842, 0.013932770185049393, -0.013004162019068299, -0.0035473603983745216, 0.04502185807655491, -0.04860175148743632], "sweet": [-0.006813962136633089, 0.030261753634517607, -0.039430605941186116, -0.020669381103388552, 0.024886427066486472, -0.018073072441436678, -0.0032844084486003734, 0.006715441992650018, -0.01069347378702723, 0.037874226116817886], "enjoyable": [0.044703345569206285, -0.01251788437687872, -0.03745208074214964, -0.039842862830652324, 0.008448793288500534, -0.014537991695576114, 0.019168204296320202, -0.022769331123132307, 0.045176346974835746, 0.037062453485366895], "boring": [-0.03572701462517553, 0.014584607716908388, -0.04075198441530433, 0.015416595238192134, -0.03862829859969285, -0.014911373938757076, -0.015267040825254935, -0.04120098155564676, -0.038322608070721714, -0.03827828020583221], "bad": [-0.04408381889509852, -0.04468244974509648, -0.019665162316910935, 0.017958965364579662, 0.0005077328052367525, 0.037000525033968994, -0.02827151565459855, 0.02923332740724797, -0.016052572680651907, 0.020516282438897603], "dumb": [0.014972512923589431, -0.005228066306375223, 0.04417489525788502, 0.030100087852722203, 0.02731903610756331, 0.04785593407246293, 0.04835862630265103, -0.040981998207675174, -0.03982428766019079, -0.02421824328631388], "annoying": [0.04980829909985527, -0.03675155383548938, -0.03323265809990826, -0.04979526586992768, -0.02066757426110418, -0.04714595482720968, -0.012519436186403799, 0.006189948029386716, 0.018566741260979448, 0.014548590155550512], "female": [0.009581666548443436, 0.011077652129095028, -0.010406677207475633, 0.026567920474812302, -0.024350721673060904, -0.04789115042504166, -0.029382049608400972, 0.027511110958666662, -0.029395310907778683, 0.014485597525383597], "male": [0.010207097868663839, 0.012233809852898203, -0.02157356778344104, -0.03949942767873493, -0.03274590208234781, 0.04112227325169208, 0.03589501259483994, -0.037441233748464774, 0.03082275652275992, -0.02323482112064107], "queen": [0.04261348961147745, -0.004498788997659231, 0.041494264801868797, -0.036163621172103845, -0.03898279036640617, -0.035544382704029855, 0.014291447164008686, 0.018948222341743304, -0.03323269207426897, -0.047310709231291194], "king": [-0.049808309219426104, 0.01321825594556364, 0.04250893331512658, -0.00958990580305048, -0.028483990424061745, 0.04530662059773557, 0.04374385833617532, -0.018663054094064803, -0.03196141318008052, -0.030790470568604733], "man": [0.01476512974383778, 0.027850009761374583, -0.005167185767434501, 0.024578137426725967, -0.02000224814455237, 0.024656050392996075, -0.04264870582254895, 0.02185189436504037, 0.00808132193089126, 0.0021974069632550663], "woman": [-0.04519244374343603, -0.046088091530411525, -0.0408319807487749, 0.012316648614093968, -0.01931181594577381, -0.025919682540688247, 0.03674893500075088, -0.01785937938448599, -0.017409789133604303, 0.033595253790801284], "rain": [0.04817532074820561, -0.03306097747830365, -0.006055598529436113, -0.000593443104488589, 0.016203405002536364, -0.006001031162042281, -0.024097319109975944, -0.04180949670200558, 0.04157725915396867, 0.03253697567056605], "snow": [-0.03694884769474627, 0.0038996076048728456, 0.0387842183181348, 0.02695500499763013, 0.007337425750223847, -0.005208274506039024, -0.025415098350711852, 0.008804857008731893, 0.04810028852100341, 0.040424300548176265], "hail": [0.00015596280190254274, 0.0237966538099428, 0.04462573454465272, 0.028310560783170458, -0.046644816786343676, 0.018376925632503406, -0.029899330713776796, 0.003635115705247416, 0.030217077907463818, -0.03721679780292715], "coffee": [0.004854609712165503, 0.04432774391896034, 0.030653164952206956, 0.028957398910639264, 0.03450665165007373, 0.0030759182608904646, 0.026145434103550767, 0.030004677667999358, 0.03724213139480699, 0.029574056562185414], "tea": [0.028154702543195263, 0.032784199358540614, -0.03393552810203356, -0.04155123799909799, -0.005526656767139493, -0.027984506162708544, 0.04630466699160847, 0.012700164791134682, 0.036975885137876155, 0.015728684433038577]}