{"great": [0.5682557965917353, 0.1769376699229998, 0.18993643512543767, -0.2780914082047979, -0.8753156815199817, -0.14616440151329263, 0.2393909224973446, -0.31070291720579213, 0.6199832095634384, 0.16617984462002253], "cool": [0.5641256072125873, 0.1372298265830543, 0.20823648035171752, -0.29296957234563636, -0.8704480862547578, -0.18822962799771004, 0.24239616047158666, -0.29410091959922535, 0.6979644655991715, 0.21475297647656116], "brilliant": [0.5918855018013452, 0.10397786927770154, 0.1812540983279814, -0.32494178069140367, -0.8565376508947542, -0.17966721391513163, 0.2603509816471901, -0.32893244657244936, 0.6604228461904657, 0.241582256250248], "wonderful": [0.5336813277875312, 0.15884523607312181, 0.26518438053682525, -0.34389277627100595, -0.8491692008120086, -0.18613217422541942, 0.26724085300405015, -0.31809103059724764, 0.658104175743785, 0.20044434983351092], "well": [0.5893339401809653, 0.17311813201184945, 0.26909656417479716, -0.30740190098292847, -0.8500390052604692, -0.1887189699624788, 0.27101121903362413, -0.3002421502644919, 0.5689872204434444, 0.15369399612858042], "amazing": [0.5902038867844642, 0.14902291975965964, 0.21315969705653706, -0.31422646036679036, -0.9096476218964349, -0.17471907820831534, 0.2744097761939362, -0.2878009614247629, 0.6262885326051714, 0.21474172972714706], "worth": [0.5130535106477785, 0.1203417305470429, 0.19587383631804145, -0.31643691396240387, -0.8606295772705054, -0.15101162886733963, 0.22113241716100873, -0.2697235895062941, 0.6690196658223426, 0.16036078186161515], "sweet": [0.5503643010832928, 0.17143189756236119, 0.19039362530118092, -0.32242095517315994, -0.8138360944646922, -0.18346270853248325, 0.23271938859805777, -0.262605300041524, 0.6257203568118473, 0.24871943007675437], "enjoyable": [0.5738392051934846, 0.12461914284456146, 0.1751071727787397, -0.3302460528016361, -0.7874929465033422, -0.1706734911250474, 0.24587717337924983, -0.28375949976958226, 0.6546620471931932, 0.23489164232336932], "boring": [0.5240450095785575, 0.15703282247734573, 0.18486578812352447, -0.2990130048224245, -0.8831747584261088, -0.18115865274114737, 0.22235910278043808, -0.3175688226803138, 0.5988034434028019, 0.17092555144264807], "bad": [0.5360316771649712, 0.08934057914047364, 0.2201026591060939, -0.3095846861526971, -0.880954886853036, -0.14538972298245986, 0.21710437130796884, -0.2380725109854569, 0.6330703998035982, 0.24369857228293246], "dumb": [0.5707119169157076, 0.13801450767761786, 0.2641854971871886, -0.2713492816853863, -0.8090819545573584, -0.11288020342381064, 0.2872690197930902, -0.32041956749087286, 0.6057968690648794, 0.17957977344555878], "annoying": [0.5804388073936807, 0.10213080454123964, 0.1751046716523363, -0.3301742006378938, -0.8168968873432684, -0.20307898062832574, 0.21580541902126024, -0.2610116632102946, 0.6339996308459201, 0.2063614078593556], "female": [0.6029723815239836, 0.1678931853672473, 0.2252008730596757, -0.28873306487925604, -0.9146157195054562, -0.22069970363834446, 0.2238454978107193, -0.271692147248891, 0.6634932978039563, 0.23203231101065194], "male": [0.6188443180311554, 0.17591224836567132, 0.22018040161594696, -0.36456330080079463, -0.946185436990679, -0.1332260465791464, 0.2991505531133826, -0.34861960504838163, 0.7441098161765464, 0.19775997097206294], "queen": [0.5765894647154783, 0.13192743667861634, 0.25802327045267454, -0.32980320826986514, -0.8289942700272944, -0.1927432991368758, 0.2370984325616217, -0.24203150503481505, 0.5713084097409641, 0.14298922537605854], "king": [0.5560732564209727, 0.1764615412821357, 0.28312342344954794, -0.3367128855390603, -0.9461014688342688, -0.12648395065859477, 0.30612181315592174, -0.3318819712244176, 0.6792991341085513, 0.19131773485838038], "man": [0.6051631423709494, 0.1783014456364414, 0.22784621923285905, -0.2961178922019526, -0.9034636471542419, -0.14556650433904572, 0.20202598684749798, -0.26372853542419117, 0.6768741056545701, 0.21429225917611772], "woman": [0.543929763626064, 0.10716810158149404, 0.19338139148668104, -0.30638888462724007, -0.9005115497465598, -0.19854245727352374, 0.28882419764825346, -0.3169369428802768, 0.6655769452543199, 0.24864052935984074], "rain": [0.6298504912050583, 0.12301635380852771, 0.22052743188216306, -0.3041738805628178, -0.8506257387146209, -0.1733969491635805, 0.22410525920744065, -0.3446052500693223, 0.7252580609208235, 0.24246844659325675], "snow": [0.571658674146897, 0.1671575262055327, 0.28115863158041493, -0.29761757148365725, -0.9075508328669517, -0.18167262677197624, 0.23397083517042516, -0.2998148033711087, 0.7592476519212541, 0.2640055409419276], "hail": [0.42533821691139195, 0.13804553783748316, 0.21177430565076083, -0.19519807837970898, -0.6816567081869009, -0.10307706377540064, 0.15071990173178398, -0.2165401966104437, 0.5309049787787797, 0.1165936062687913], "coffee": [0.5362156564666705, 0.18498536534428098, 0.2404451378183756, -0.2515479584853182, -0.7585156275603341, -0.14980862202505726, 0.25257229022500965, -0.24267753083317825, 0.6620631212565936, 0.22504608361898634], "tea": [0.5401340524210244, 0.17011330010004364, 0.167389541887491, -0.31149282910606846, -0.771666773377705, -0.17544733406998525, 0.2649609258706589, -0.25197352059897304, 0.6384983316665089, 0.20143552944512608]}